-- phpMyAdmin SQL Dump
-- version 5.2.2
-- https://www.phpmyadmin.net/
--
-- Host: localhost
-- Generation Time: Aug 06, 2025 at 03:59 PM
-- Server version: 10.6.20-MariaDB-log
-- PHP Version: 8.1.32

SET SQL_MODE = "NO_AUTO_VALUE_ON_ZERO";
START TRANSACTION;
SET time_zone = "+00:00";


/*!40101 SET @OLD_CHARACTER_SET_CLIENT=@@CHARACTER_SET_CLIENT */;
/*!40101 SET @OLD_CHARACTER_SET_RESULTS=@@CHARACTER_SET_RESULTS */;
/*!40101 SET @OLD_COLLATION_CONNECTION=@@COLLATION_CONNECTION */;
/*!40101 SET NAMES utf8mb4 */;

--
-- Database: `raspepix`
--

-- --------------------------------------------------------

--
-- Table structure for table `banners`
--

CREATE TABLE `banners` (
  `id` bigint(20) UNSIGNED NOT NULL,
  `banner_img` varchar(255) NOT NULL,
  `ativo` tinyint(1) DEFAULT 1,
  `ordem` int(11) DEFAULT 0
) ENGINE=InnoDB DEFAULT CHARSET=utf8mb4 COLLATE=utf8mb4_general_ci;

--
-- Dumping data for table `banners`
--

INSERT INTO `banners` (`id`, `banner_img`, `ativo`, `ordem`) VALUES
(6, '/assets/banners/banner_689298fb0615f.png', 1, 2),
(7, '/assets/banners/banner_68929910c1624.png', 1, 3);

-- --------------------------------------------------------

--
-- Table structure for table `comissoes_hierarquia`
--

CREATE TABLE `comissoes_hierarquia` (
  `id` int(11) NOT NULL,
  `usuario_id` int(11) NOT NULL,
  `afiliado_id` int(11) NOT NULL,
  `gerente_id` int(11) DEFAULT NULL,
  `subgerente_id` int(11) DEFAULT NULL,
  `valor` decimal(10,2) NOT NULL,
  `valor_original` decimal(10,2) NOT NULL,
  `tipo` enum('CPA','RevShare') NOT NULL,
  `descricao` varchar(255) DEFAULT NULL,
  `data_registro` timestamp NOT NULL DEFAULT current_timestamp()
) ENGINE=InnoDB DEFAULT CHARSET=utf8mb4 COLLATE=utf8mb4_unicode_ci;

-- --------------------------------------------------------

--
-- Table structure for table `config`
--

CREATE TABLE `config` (
  `id` bigint(20) UNSIGNED NOT NULL,
  `nome_site` varchar(255) DEFAULT 'Raspadinha',
  `logo` varchar(255) DEFAULT NULL,
  `deposito_min` float NOT NULL DEFAULT 0,
  `saque_min` float NOT NULL DEFAULT 0,
  `cpa_padrao` float NOT NULL DEFAULT 0,
  `revshare_padrao` float NOT NULL DEFAULT 0
) ENGINE=InnoDB DEFAULT CHARSET=utf8mb4 COLLATE=utf8mb4_general_ci;

--
-- Dumping data for table `config`
--

INSERT INTO `config` (`id`, `nome_site`, `logo`, `deposito_min`, `saque_min`, `cpa_padrao`, `revshare_padrao`) VALUES
(1, 'Raspadinha', '/assets/upload/6892980240bab.png', 10, 50, 0, 10);

-- --------------------------------------------------------

--
-- Table structure for table `config_rollover`
--

CREATE TABLE `config_rollover` (
  `id` int(11) NOT NULL,
  `multiplicador_bonus` decimal(5,2) DEFAULT 1.00,
  `rollover_padrao` decimal(5,2) DEFAULT 3.00,
  `updated_at` timestamp NULL DEFAULT current_timestamp() ON UPDATE current_timestamp()
) ENGINE=InnoDB DEFAULT CHARSET=utf8mb4 COLLATE=utf8mb4_unicode_ci;

--
-- Dumping data for table `config_rollover`
--

INSERT INTO `config_rollover` (`id`, `multiplicador_bonus`, `rollover_padrao`, `updated_at`) VALUES
(1, 1.00, 5.00, '2025-08-01 19:44:36');

-- --------------------------------------------------------

--
-- Table structure for table `depositos`
--

CREATE TABLE `depositos` (
  `id` int(11) NOT NULL,
  `transactionId` varchar(255) NOT NULL,
  `user_id` int(11) NOT NULL,
  `nome` varchar(255) NOT NULL,
  `cpf` varchar(14) NOT NULL,
  `valor` decimal(10,2) NOT NULL,
  `status` enum('PENDING','PAID') DEFAULT 'PENDING',
  `qrcode` text DEFAULT NULL,
  `idempotency_key` varchar(255) DEFAULT NULL,
  `gateway` enum('sigilopay') NOT NULL,
  `webhook_data` text DEFAULT NULL,
  `created_at` timestamp NOT NULL DEFAULT current_timestamp(),
  `updated_at` timestamp NOT NULL DEFAULT current_timestamp() ON UPDATE current_timestamp(),
  `revshare_processed` tinyint(1) DEFAULT 0,
  `rollover_requerido` decimal(10,2) DEFAULT 1.00,
  `rollover_atual` decimal(10,2) DEFAULT 0.00,
  `rollover_completo` tinyint(1) DEFAULT 0,
  `bonus_aplicado` decimal(10,2) DEFAULT 0.00
) ENGINE=InnoDB DEFAULT CHARSET=utf8mb4 COLLATE=utf8mb4_general_ci;

-- --------------------------------------------------------

--
-- Table structure for table `sigilopay`
--

CREATE TABLE `sigilopay` (
  `id` int(11) NOT NULL,
  `public_key` varchar(255) NOT NULL,
  `secret_key` varchar(255) NOT NULL,
  `created_at` timestamp NOT NULL DEFAULT current_timestamp(),
  `updated_at` timestamp NOT NULL DEFAULT current_timestamp() ON UPDATE current_timestamp()
) ENGINE=InnoDB DEFAULT CHARSET=utf8mb4 COLLATE=utf8mb4_general_ci;

--
-- Dumping data for table `sigilopay`
--

INSERT INTO `sigilopay` (`id`, `public_key`, `secret_key`, `created_at`, `updated_at`) VALUES
(1, '', '', '2025-07-19 12:56:52', '2025-08-03 22:07:54');


-- --------------------------------------------------------

--
-- Table structure for table `gateway`
--

CREATE TABLE `gateway` (
  `id` int(10) UNSIGNED NOT NULL,
  `active` enum('sigilopay') DEFAULT 'sigilopay',
  `created_at` datetime DEFAULT current_timestamp(),
  `updated_at` datetime DEFAULT current_timestamp() ON UPDATE current_timestamp()
) ENGINE=InnoDB DEFAULT CHARSET=utf8mb4 COLLATE=utf8mb4_general_ci;

--
-- Dumping data for table `gateway`
--

INSERT INTO `gateway` (`id`, `active`, `created_at`, `updated_at`) VALUES
(1, 'sigilopay', '2025-07-11 13:39:55', '2025-08-04 00:03:27');



-- --------------------------------------------------------

--
-- Table structure for table `historico_revshare`
--

CREATE TABLE `historico_revshare` (
  `id` bigint(20) UNSIGNED NOT NULL,
  `afiliado_id` int(11) NOT NULL,
  `usuario_id` int(11) NOT NULL,
  `valor_apostado` decimal(10,2) NOT NULL,
  `valor_revshare` decimal(10,2) NOT NULL,
  `percentual` float NOT NULL,
  `tipo` enum('perda_usuario','ganho_usuario') NOT NULL,
  `created_at` datetime DEFAULT current_timestamp()
) ENGINE=InnoDB DEFAULT CHARSET=utf8mb4 COLLATE=utf8mb4_general_ci;

-- --------------------------------------------------------

--
-- Table structure for table `orders`
--

CREATE TABLE `orders` (
  `id` bigint(20) UNSIGNED NOT NULL,
  `user_id` bigint(20) UNSIGNED NOT NULL,
  `raspadinha_id` int(10) UNSIGNED NOT NULL,
  `status` tinyint(1) DEFAULT 0,
  `resultado` enum('loss','gain') DEFAULT NULL,
  `valor_ganho` decimal(10,2) DEFAULT 0.00,
  `premios_json` longtext CHARACTER SET utf8mb4 COLLATE utf8mb4_bin NOT NULL CHECK (json_valid(`premios_json`)),
  `created_at` timestamp NULL DEFAULT current_timestamp(),
  `updated_at` timestamp NULL DEFAULT NULL ON UPDATE current_timestamp()
) ENGINE=InnoDB DEFAULT CHARSET=utf8mb4 COLLATE=utf8mb4_general_ci;

--
-- Dumping data for table `orders`
--

INSERT INTO `orders` (`id`, `user_id`, `raspadinha_id`, `status`, `resultado`, `valor_ganho`, `premios_json`, `created_at`, `updated_at`) VALUES
(1, 504, 3, 1, 'loss', 0.00, '[47,53,55,52,57,50,53,50,47]', '2025-08-03 23:22:51', '2025-08-03 23:22:59'),
(2, 480, 2, 1, 'loss', 0.00, '[74,81,82,74,85,74,77,82,78]', '2025-08-04 06:23:36', '2025-08-04 06:23:40'),
(3, 480, 2, 1, 'loss', 0.00, '[74,82,84,88,74,74,77,84,77]', '2025-08-04 06:23:45', '2025-08-04 06:23:49'),
(4, 480, 4, 1, 'gain', 6000.00, '[32,34,33,35,42,45,37,45,45]', '2025-08-04 17:09:48', '2025-08-04 17:09:53'),
(5, 480, 4, 1, 'loss', 0.00, '[44,42,43,31,46,30,42,32,34]', '2025-08-04 17:09:59', '2025-08-04 17:10:04'),
(6, 480, 4, 1, 'loss', 0.00, '[30,42,43,33,31,45,33,37,45]', '2025-08-04 17:10:07', '2025-08-04 17:10:11'),
(7, 480, 4, 1, 'loss', 0.00, '[32,42,33,31,45,37,43,43,40]', '2025-08-04 17:10:14', '2025-08-04 17:10:18'),
(8, 480, 4, 1, 'loss', 0.00, '[39,30,32,32,31,41,40,40,46]', '2025-08-04 17:10:21', '2025-08-04 17:10:25'),
(9, 480, 4, 1, 'loss', 0.00, '[45,35,45,46,38,35,32,30,30]', '2025-08-04 17:10:27', '2025-08-04 17:10:36'),
(10, 480, 4, 1, 'loss', 0.00, '[42,34,41,40,44,46,30,33,31]', '2025-08-04 17:10:37', '2025-08-04 17:10:43'),
(11, 480, 4, 1, 'loss', 0.00, '[46,35,35,30,41,36,33,30,31]', '2025-08-04 17:10:45', '2025-08-04 17:10:49'),
(12, 480, 4, 1, 'loss', 0.00, '[37,40,34,32,44,38,32,42,46]', '2025-08-04 17:10:51', '2025-08-04 17:10:57'),
(13, 480, 4, 1, 'loss', 0.00, '[33,33,36,43,41,40,41,38,36]', '2025-08-04 17:10:59', '2025-08-04 17:11:06'),
(14, 480, 4, 1, 'loss', 0.00, '[30,32,33,29,36,36,41,30,35]', '2025-08-04 17:11:08', '2025-08-04 17:11:13'),
(15, 480, 4, 1, 'gain', 5.00, '[29,31,33,31,29,31,32,39,30]', '2025-08-04 17:12:14', '2025-08-04 17:12:19'),
(16, 480, 4, 1, 'loss', 0.00, '[30,31,32,35,29,30,29,35,29]', '2025-08-04 17:12:24', '2025-08-04 17:12:30'),
(17, 480, 4, 1, 'loss', 0.00, '[40,34,35,29,30,30,29,32,29]', '2025-08-04 17:12:32', '2025-08-04 17:12:36'),
(18, 480, 4, 1, 'loss', 0.00, '[29,29,29,30,36,34,32,32,35]', '2025-08-04 17:12:38', '2025-08-04 17:12:43'),
(19, 480, 4, 0, NULL, 0.00, '[30,29,30,30,31,29,33,31,32]', '2025-08-04 17:12:45', NULL),
(20, 505, 2, 1, 'loss', 0.00, '[92,80,84,91,90,86,90,88,79]', '2025-08-04 17:14:00', '2025-08-04 17:14:05'),
(21, 505, 2, 1, 'gain', 15.00, '[80,79,93,79,86,79,77,92,86]', '2025-08-04 17:14:07', '2025-08-04 17:14:14'),
(22, 505, 2, 1, 'loss', 0.00, '[89,90,93,79,89,81,88,92,84]', '2025-08-04 17:14:16', '2025-08-04 17:14:24'),
(23, 505, 2, 1, 'loss', 0.00, '[89,89,82,81,80,84,79,93,86]', '2025-08-04 17:14:25', '2025-08-04 17:14:31'),
(24, 505, 2, 1, 'loss', 0.00, '[80,78,86,92,85,86,89,87,83]', '2025-08-04 17:14:33', '2025-08-04 17:14:38'),
(25, 505, 2, 1, 'gain', 1000.00, '[89,90,86,86,83,77,80,86,88]', '2025-08-04 17:14:40', '2025-08-04 17:14:44'),
(26, 505, 2, 1, 'loss', 0.00, '[87,80,78,77,80,92,77,90,93]', '2025-08-04 17:14:48', '2025-08-04 17:14:53'),
(27, 505, 2, 1, 'loss', 0.00, '[77,85,92,80,88,79,88,90,86]', '2025-08-04 17:14:56', '2025-08-04 17:15:00'),
(28, 505, 2, 1, 'gain', 5.00, '[78,82,80,79,77,80,77,84,77]', '2025-08-04 17:15:02', '2025-08-04 17:15:07'),
(29, 505, 2, 1, 'loss', 0.00, '[89,77,90,90,89,88,93,92,78]', '2025-08-04 17:15:10', '2025-08-04 17:15:15'),
(30, 505, 2, 1, 'loss', 0.00, '[88,82,77,78,93,83,77,92,88]', '2025-08-04 17:15:17', '2025-08-04 17:15:21'),
(31, 505, 2, 1, 'loss', 0.00, '[77,79,90,79,91,89,87,93,85]', '2025-08-04 17:15:23', '2025-08-04 17:15:27'),
(32, 505, 2, 1, 'loss', 0.00, '[90,86,81,93,78,90,84,88,80]', '2025-08-04 17:15:29', '2025-08-04 17:15:33'),
(33, 505, 4, 1, 'loss', 0.00, '[33,46,31,34,41,35,35,32,30]', '2025-08-04 18:02:35', '2025-08-04 18:02:40'),
(34, 505, 4, 1, 'loss', 0.00, '[36,40,45,44,32,34,34,30,35]', '2025-08-04 18:02:45', '2025-08-04 18:02:50'),
(35, 505, 4, 1, 'loss', 0.00, '[42,36,41,43,30,46,37,32,36]', '2025-08-04 18:02:52', '2025-08-04 18:02:56'),
(36, 505, 4, 1, 'loss', 0.00, '[33,42,39,42,39,31,30,44,36]', '2025-08-04 18:03:01', '2025-08-04 18:03:05'),
(37, 505, 4, 1, 'loss', 0.00, '[45,45,42,39,43,38,30,31,33]', '2025-08-04 18:03:08', '2025-08-04 18:03:12'),
(38, 505, 4, 1, 'loss', 0.00, '[34,38,35,38,34,43,37,42,31]', '2025-08-04 18:03:14', '2025-08-04 18:03:18'),
(39, 505, 4, 1, 'loss', 0.00, '[45,31,41,32,36,37,32,38,38]', '2025-08-04 18:03:21', '2025-08-04 18:03:24'),
(40, 505, 4, 1, 'loss', 0.00, '[43,30,44,42,38,39,39,34,41]', '2025-08-04 18:03:27', '2025-08-04 18:03:31'),
(41, 505, 4, 1, 'gain', 15.00, '[33,44,43,44,33,43,34,42,33]', '2025-08-04 18:03:33', '2025-08-04 18:03:37'),
(42, 505, 4, 1, 'loss', 0.00, '[37,32,45,45,46,40,33,36,46]', '2025-08-04 18:03:44', '2025-08-04 18:03:49'),
(43, 505, 4, 1, 'gain', 15.00, '[33,32,41,38,33,33,45,36,38]', '2025-08-04 18:03:51', '2025-08-04 18:03:54'),
(44, 505, 4, 1, 'loss', 0.00, '[36,32,30,34,32,43,41,30,42]', '2025-08-04 18:03:57', '2025-08-04 18:04:01'),
(45, 505, 4, 1, 'loss', 0.00, '[33,30,44,35,31,31,44,33,30]', '2025-08-04 18:04:03', '2025-08-04 18:04:07'),
(46, 505, 4, 1, 'loss', 0.00, '[32,39,30,34,46,33,34,31,44]', '2025-08-04 18:05:13', '2025-08-04 18:05:20'),
(47, 505, 4, 1, 'loss', 0.00, '[40,36,30,44,31,32,38,38,43]', '2025-08-04 18:05:21', '2025-08-04 18:05:26'),
(48, 505, 4, 1, 'loss', 0.00, '[44,44,32,31,39,41,34,33,38]', '2025-08-04 18:05:27', '2025-08-04 18:05:32'),
(49, 505, 4, 1, 'gain', 100.00, '[46,46,36,31,36,31,41,36,30]', '2025-08-04 18:05:35', '2025-08-04 18:05:40'),
(50, 505, 4, 1, 'loss', 0.00, '[39,45,45,41,39,35,41,30,32]', '2025-08-04 18:05:44', '2025-08-04 18:05:54'),
(51, 505, 4, 1, 'loss', 0.00, '[34,45,31,32,30,33,30,46,45]', '2025-08-04 18:05:56', '2025-08-04 18:06:01'),
(52, 505, 4, 1, 'loss', 0.00, '[44,43,32,33,40,43,46,31,36]', '2025-08-04 18:06:03', '2025-08-04 18:06:10'),
(53, 505, 4, 1, 'loss', 0.00, '[35,35,40,31,30,38,45,43,41]', '2025-08-04 18:08:17', '2025-08-04 18:08:20'),
(54, 505, 4, 1, 'loss', 0.00, '[33,36,43,42,32,36,41,31,44]', '2025-08-04 18:08:23', '2025-08-04 18:08:26'),
(55, 505, 2, 1, 'loss', 0.00, '[83,78,83,80,78,84,79,84,80]', '2025-08-04 18:09:07', '2025-08-04 18:09:11'),
(56, 505, 2, 1, 'loss', 0.00, '[89,92,91,83,89,91,88,86,80]', '2025-08-04 18:09:13', '2025-08-04 18:09:17'),
(57, 505, 2, 1, 'gain', 300.00, '[83,80,83,93,85,91,91,85,83]', '2025-08-04 18:09:18', '2025-08-04 18:09:25'),
(58, 505, 2, 1, 'loss', 0.00, '[85,92,78,77,90,85,86,74,87]', '2025-08-04 18:09:27', '2025-08-04 18:09:31'),
(59, 505, 2, 1, 'loss', 0.00, '[79,87,77,85,81,93,81,90,88]', '2025-08-04 18:09:33', '2025-08-04 18:09:36'),
(60, 505, 2, 1, 'loss', 0.00, '[86,90,78,87,89,77,86,80,81]', '2025-08-04 18:09:38', '2025-08-04 18:09:44'),
(61, 505, 2, 1, 'loss', 0.00, '[90,79,84,77,82,81,85,93,84]', '2025-08-04 18:09:46', '2025-08-04 18:09:49'),
(62, 505, 2, 1, 'gain', 500.00, '[84,84,86,81,81,92,84,90,91]', '2025-08-04 18:09:52', '2025-08-04 18:09:56'),
(63, 505, 2, 1, 'loss', 0.00, '[84,88,92,84,79,89,92,80,80]', '2025-08-04 18:10:13', '2025-08-04 18:10:18'),
(64, 505, 2, 1, 'loss', 0.00, '[87,82,85,77,78,82,83,80,77]', '2025-08-04 18:10:20', '2025-08-04 18:10:24'),
(65, 505, 2, 1, 'gain', 20.00, '[78,85,87,93,78,82,84,84,78]', '2025-08-04 18:10:26', '2025-08-04 18:10:29'),
(66, 505, 2, 1, 'loss', 0.00, '[77,87,82,84,93,88,77,87,80]', '2025-08-04 18:10:35', '2025-08-04 18:10:39'),
(67, 505, 2, 1, 'loss', 0.00, '[88,90,82,87,80,82,87,81,83]', '2025-08-04 18:10:40', '2025-08-04 18:10:45'),
(68, 505, 2, 1, 'loss', 0.00, '[89,92,88,79,77,78,85,90,84]', '2025-08-04 18:10:46', '2025-08-04 18:10:51'),
(69, 505, 2, 1, 'loss', 0.00, '[82,88,93,85,90,81,91,83,78]', '2025-08-04 18:10:52', '2025-08-04 18:10:56'),
(70, 505, 2, 1, 'gain', 200.00, '[92,78,82,82,87,83,90,78,82]', '2025-08-04 18:16:11', '2025-08-04 18:16:15'),
(71, 505, 2, 1, 'loss', 0.00, '[78,82,82,92,77,81,78,86,88]', '2025-08-04 18:16:19', '2025-08-04 18:16:25'),
(72, 505, 2, 1, 'loss', 0.00, '[77,79,89,81,79,80,86,93,85]', '2025-08-04 18:16:26', '2025-08-04 18:16:30'),
(73, 505, 2, 1, 'loss', 0.00, '[81,89,85,84,88,80,78,82,77]', '2025-08-04 18:16:32', '2025-08-04 18:16:36'),
(74, 505, 2, 1, 'loss', 0.00, '[77,81,84,80,87,83,89,88,83]', '2025-08-04 18:16:37', '2025-08-04 18:16:42'),
(75, 505, 2, 1, 'gain', 7500.00, '[92,91,90,81,79,90,87,90,77]', '2025-08-04 18:16:44', '2025-08-04 18:16:49'),
(76, 505, 2, 1, 'gain', 10.00, '[88,85,91,90,90,77,86,88,88]', '2025-08-04 18:16:52', '2025-08-04 18:16:57'),
(77, 505, 2, 1, 'loss', 0.00, '[87,77,81,79,81,80,84,79,77]', '2025-08-04 18:17:00', '2025-08-04 18:17:03'),
(78, 505, 2, 1, 'loss', 0.00, '[93,88,83,90,92,87,80,80,79]', '2025-08-04 18:17:05', '2025-08-04 18:17:08'),
(79, 505, 2, 1, 'loss', 0.00, '[86,93,87,86,79,81,82,89,93]', '2025-08-04 18:22:40', '2025-08-04 18:22:46'),
(80, 505, 4, 1, 'loss', 0.00, '[36,32,30,37,39,40,37,32,33]', '2025-08-04 18:23:32', '2025-08-04 18:23:36'),
(81, 505, 4, 1, 'loss', 0.00, '[42,40,35,37,34,37,38,34,38]', '2025-08-04 18:23:37', '2025-08-04 18:23:41'),
(82, 505, 4, 1, 'loss', 0.00, '[44,46,43,38,30,34,37,33,44]', '2025-08-04 18:23:43', '2025-08-04 18:23:47'),
(83, 505, 4, 1, 'loss', 0.00, '[44,36,33,30,40,31,38,32,40]', '2025-08-04 18:23:50', '2025-08-04 18:23:55'),
(84, 505, 4, 1, 'loss', 0.00, '[30,30,46,37,41,31,33,43,32]', '2025-08-04 18:23:57', '2025-08-04 18:24:01'),
(85, 505, 3, 1, 'loss', 0.00, '[56,55,55,58,51,53,53,49,49]', '2025-08-04 18:27:18', '2025-08-04 18:27:22'),
(86, 505, 3, 1, 'loss', 0.00, '[50,52,53,51,48,53,58,57,49]', '2025-08-04 18:27:25', '2025-08-04 18:27:29'),
(87, 505, 3, 1, 'loss', 0.00, '[53,53,48,48,58,57,50,55,49]', '2025-08-04 18:27:30', '2025-08-04 18:27:35'),
(88, 505, 3, 1, 'loss', 0.00, '[52,54,56,57,52,58,56,57,49]', '2025-08-04 18:27:37', '2025-08-04 18:27:42'),
(89, 505, 3, 1, 'loss', 0.00, '[52,55,49,51,55,56,57,50,58]', '2025-08-04 18:31:10', '2025-08-04 18:31:14'),
(90, 505, 3, 1, 'gain', 2000.00, '[56,52,49,54,57,56,56,55,57]', '2025-08-04 18:31:16', '2025-08-04 18:31:20'),
(91, 505, 3, 1, 'loss', 0.00, '[54,58,50,52,48,52,57,55,51]', '2025-08-04 18:31:22', '2025-08-04 18:31:26'),
(92, 505, 3, 1, 'loss', 0.00, '[57,52,50,58,55,55,57,49,52]', '2025-08-04 18:31:28', '2025-08-04 18:31:35'),
(93, 505, 3, 1, 'gain', 20.00, '[50,56,50,55,53,51,52,52,52]', '2025-08-04 18:31:36', '2025-08-04 18:31:40'),
(94, 505, 3, 1, 'loss', 0.00, '[51,48,54,49,54,50,52,52,51]', '2025-08-04 18:31:42', '2025-08-04 18:31:46'),
(95, 505, 3, 1, 'loss', 0.00, '[53,53,58,56,54,48,49,51,58]', '2025-08-04 18:31:47', '2025-08-04 18:31:52'),
(96, 505, 3, 1, 'loss', 0.00, '[58,58,47,54,56,51,47,51,57]', '2025-08-04 18:32:42', '2025-08-04 18:32:47'),
(97, 505, 3, 1, 'gain', 1.00, '[57,51,57,56,52,48,48,48,55]', '2025-08-04 18:32:49', '2025-08-04 18:32:53'),
(98, 505, 3, 1, 'loss', 0.00, '[52,49,48,48,52,54,50,50,47]', '2025-08-04 18:32:54', '2025-08-04 18:32:58'),
(99, 505, 3, 1, 'gain', 2000.00, '[50,55,51,56,52,57,56,56,47]', '2025-08-04 18:32:59', '2025-08-04 18:33:03'),
(100, 505, 3, 1, 'loss', 0.00, '[53,48,57,50,50,48,56,52,49]', '2025-08-04 18:33:06', '2025-08-04 18:33:09'),
(101, 505, 3, 1, 'loss', 0.00, '[52,49,58,55,55,54,51,56,52]', '2025-08-04 18:33:11', '2025-08-04 18:33:13'),
(102, 505, 3, 1, 'loss', 0.00, '[51,53,47,53,55,55,47,56,58]', '2025-08-04 18:33:16', '2025-08-04 18:33:18'),
(103, 505, 3, 1, 'loss', 0.00, '[57,49,55,52,58,56,56,48,52]', '2025-08-04 18:33:20', '2025-08-04 18:33:24'),
(104, 505, 3, 1, 'gain', 10.00, '[51,57,51,51,47,58,58,47,56]', '2025-08-04 18:33:25', '2025-08-04 18:33:28'),
(105, 505, 3, 1, 'gain', 20.00, '[47,47,51,49,50,52,55,52,52]', '2025-08-04 18:33:30', '2025-08-04 18:33:34'),
(106, 505, 3, 1, 'gain', 2.00, '[58,49,53,51,51,49,49,57,58]', '2025-08-04 18:33:37', '2025-08-04 18:33:41'),
(107, 505, 3, 1, 'loss', 0.00, '[58,56,56,53,50,48,57,49,55]', '2025-08-04 18:33:42', '2025-08-04 18:33:45'),
(108, 505, 3, 1, 'loss', 0.00, '[49,55,50,53,54,51,48,50,56]', '2025-08-04 18:33:46', '2025-08-04 18:33:52'),
(109, 505, 3, 1, 'loss', 0.00, '[48,52,54,53,47,55,49,54,49]', '2025-08-04 18:33:53', '2025-08-04 18:33:58'),
(110, 505, 3, 1, 'gain', 2500.00, '[58,58,58,56,56,56,57,57,57]', '2025-08-04 18:40:36', '2025-08-04 18:40:42'),
(111, 505, 3, 1, 'gain', 2500.00, '[58,58,58,56,56,56,57,57,57]', '2025-08-04 18:40:43', '2025-08-04 18:40:52'),
(112, 505, 3, 1, 'gain', 2500.00, '[53,52,53,58,51,55,48,58,58]', '2025-08-04 18:48:45', '2025-08-04 18:48:49'),
(113, 505, 3, 1, 'gain', 2500.00, '[52,52,56,49,58,58,47,58,56]', '2025-08-04 18:48:55', '2025-08-04 18:49:00'),
(114, 505, 3, 1, 'gain', 2500.00, '[58,58,51,50,54,56,52,50,58]', '2025-08-04 18:49:03', '2025-08-04 18:49:07'),
(115, 505, 3, 1, 'gain', 2500.00, '[58,52,58,48,58,49,51,51,57]', '2025-08-04 18:49:10', '2025-08-04 18:49:14'),
(116, 505, 3, 1, 'gain', 2500.00, '[58,54,52,58,54,49,47,58,51]', '2025-08-04 18:50:21', '2025-08-04 18:50:25'),
(117, 505, 3, 1, 'gain', 2500.00, '[58,53,57,58,52,58,50,51,53]', '2025-08-04 18:50:29', '2025-08-04 18:50:33'),
(118, 505, 3, 1, 'gain', 2500.00, '[55,58,51,49,58,58,57,54,49]', '2025-08-04 18:50:36', '2025-08-04 18:50:42'),
(119, 505, 3, 0, 'gain', 0.00, '[54,58,58,52,58,50,49,54,54]', '2025-08-04 18:50:45', NULL),
(120, 505, 1, 1, 'gain', 500.00, '[68,68,68,62,72,67,70,65,60]', '2025-08-04 18:53:06', '2025-08-04 18:53:10'),
(121, 505, 1, 1, 'gain', 500.00, '[67,73,65,70,65,61,67,67,70]', '2025-08-04 18:53:13', '2025-08-04 18:53:18'),
(122, 505, 1, 1, 'gain', 1.00, '[60,60,64,69,60,65,62,59,71]', '2025-08-04 18:53:20', '2025-08-04 18:53:24'),
(123, 505, 1, 1, 'gain', 20.00, '[64,72,61,66,64,65,66,60,64]', '2025-08-04 18:53:26', '2025-08-04 18:53:30'),
(124, 505, 1, 1, 'gain', 1200.00, '[71,62,71,65,59,73,71,66,63]', '2025-08-04 18:54:03', '2025-08-04 18:54:08'),
(125, 506, 4, 0, NULL, 0.00, '[29,30,29,30,30,31,31,32,32]', '2025-08-04 19:01:12', NULL),
(126, 506, 4, 0, NULL, 0.00, '[29,30,29,29,30,31,31,32,32]', '2025-08-04 19:01:30', NULL),
(127, 506, 2, 1, 'loss', 0.00, '[74,74,74,77,77,78,78,79,79]', '2025-08-04 19:01:45', '2025-08-04 19:01:53'),
(128, 506, 2, 1, 'loss', 0.00, '[74,74,74,77,77,78,78,79,79]', '2025-08-04 19:02:02', '2025-08-04 19:02:05'),
(129, 506, 2, 1, 'loss', 0.00, '[74,74,74,77,77,78,78,79,79]', '2025-08-04 19:02:07', '2025-08-04 19:02:14'),
(130, 506, 2, 1, 'loss', 0.00, '[74,74,74,77,77,78,78,79,79]', '2025-08-04 19:02:15', '2025-08-04 19:02:19'),
(131, 506, 2, 1, 'loss', 0.00, '[74,74,74,77,77,78,78,79,79]', '2025-08-04 19:02:21', '2025-08-04 19:02:27'),
(132, 506, 2, 1, 'loss', 0.00, '[74,74,74,77,77,78,78,79,79]', '2025-08-04 19:02:32', '2025-08-04 19:02:38'),
(133, 506, 2, 1, 'loss', 0.00, '[74,74,74,77,77,78,78,79,79]', '2025-08-04 19:02:39', '2025-08-04 19:02:45'),
(134, 506, 2, 1, 'loss', 0.00, '[74,74,74,77,77,78,78,79,79]', '2025-08-04 19:02:47', '2025-08-04 19:02:50'),
(135, 506, 2, 1, 'loss', 0.00, '[74,74,74,77,77,78,78,79,79]', '2025-08-04 19:03:14', '2025-08-04 19:03:18'),
(136, 506, 2, 1, 'loss', 0.00, '[74,74,74,77,77,78,78,79,79]', '2025-08-04 19:05:33', '2025-08-04 19:05:37'),
(137, 506, 2, 1, 'loss', 0.00, '[74,74,74,77,77,78,78,79,79]', '2025-08-04 19:05:44', '2025-08-04 19:05:48'),
(138, 506, 2, 1, 'loss', 0.00, '[74,74,74,77,77,78,78,79,79]', '2025-08-04 19:05:50', '2025-08-04 19:05:55'),
(139, 506, 2, 1, 'loss', 0.00, '[74,74,74,77,77,78,78,79,79]', '2025-08-04 19:05:58', '2025-08-04 19:06:01'),
(140, 506, 2, 1, 'loss', 0.00, '[74,74,74,77,77,78,78,79,79]', '2025-08-04 19:06:03', '2025-08-04 19:06:06'),
(141, 506, 2, 1, 'gain', 1000.00, '[92,86,79,86,78,86,87,81,89]', '2025-08-04 19:06:20', '2025-08-04 19:06:25'),
(142, 506, 2, 1, 'gain', 10.00, '[83,74,88,79,88,91,85,88,91]', '2025-08-04 19:06:29', '2025-08-04 19:06:33'),
(143, 506, 2, 1, 'gain', 300.00, '[83,87,87,78,83,84,84,89,83]', '2025-08-04 19:06:36', '2025-08-04 19:06:40'),
(144, 506, 2, 0, 'gain', 0.00, '[90,82,89,83,92,93,88,83,83]', '2025-08-04 19:06:43', NULL),
(145, 506, 2, 1, 'loss', 0.00, '[74,74,74,74,74,74,74,74,74]', '2025-08-04 19:11:01', '2025-08-04 19:11:05'),
(146, 506, 2, 1, 'loss', 0.00, '[74,74,74,74,74,74,74,74,74]', '2025-08-04 19:11:07', '2025-08-04 19:11:10'),
(147, 506, 2, 1, 'loss', 0.00, '[74,74,74,74,74,74,74,74,74]', '2025-08-04 19:11:12', '2025-08-04 19:11:15'),
(148, 506, 2, 0, NULL, 0.00, '[74,74,74,74,74,74,74,74,74]', '2025-08-04 19:11:21', NULL),
(149, 506, 4, 1, 'loss', 0.00, '[30,29,29,30,29,31,31,32,32]', '2025-08-04 19:18:17', '2025-08-04 19:18:21'),
(150, 506, 4, 1, 'loss', 0.00, '[29,29,29,30,30,31,31,32,32]', '2025-08-04 19:18:24', '2025-08-04 19:18:27'),
(151, 506, 4, 1, 'loss', 0.00, '[29,29,29,30,30,31,31,32,32]', '2025-08-04 19:18:36', '2025-08-04 19:18:41'),
(152, 506, 4, 1, 'loss', 0.00, '[29,29,29,30,30,31,31,32,32]', '2025-08-04 19:18:42', '2025-08-04 19:18:49'),
(153, 506, 4, 0, NULL, 0.00, '[30,30,29,30,29,31,31,32,32]', '2025-08-04 19:20:08', NULL),
(154, 505, 4, 1, 'gain', 20.00, '[34,35,43,41,44,35,42,34,34]', '2025-08-04 19:20:44', '2025-08-04 19:20:49'),
(155, 505, 4, 1, 'gain', 500.00, '[39,34,38,41,39,41,30,39,29]', '2025-08-04 19:20:51', '2025-08-04 19:20:55'),
(156, 505, 4, 1, 'gain', 50.00, '[42,41,37,40,42,35,35,46,35]', '2025-08-04 19:20:57', '2025-08-04 19:21:00'),
(157, 506, 4, 1, 'gain', 20.00, '[40,34,38,34,34,37,44,43,30]', '2025-08-04 19:22:17', '2025-08-04 19:22:23'),
(158, 506, 4, 1, 'gain', 3000.00, '[31,44,33,29,44,44,29,43,36]', '2025-08-04 19:22:26', '2025-08-04 19:22:30'),
(159, 506, 4, 1, 'gain', 4000.00, '[38,40,31,41,35,34,36,41,41]', '2025-08-04 19:24:48', '2025-08-04 19:24:53'),
(160, 506, 4, 1, 'gain', 5000.00, '[33,44,41,42,36,43,42,42,29]', '2025-08-04 19:24:55', '2025-08-04 19:24:58'),
(161, 506, 4, 0, 'gain', 0.00, '[42,42,43,33,36,42,45,36,38]', '2025-08-04 19:25:00', NULL),
(162, 506, 4, 1, 'gain', 6000.00, '[36,45,34,45,43,36,43,36,45]', '2025-08-04 19:25:04', '2025-08-04 19:25:08'),
(163, 506, 4, 1, 'gain', 3500.00, '[40,43,46,33,32,46,40,40,44]', '2025-08-04 19:25:10', '2025-08-04 19:25:15'),
(164, 506, 4, 1, 'gain', 20.00, '[44,41,34,38,45,34,33,46,34]', '2025-08-04 19:25:19', '2025-08-04 19:25:23'),
(165, 506, 4, 1, 'loss', 0.00, '[0,0,0,0,0,0,0,0,0]', '2025-08-04 19:31:47', '2025-08-04 19:31:52'),
(166, 506, 4, 0, NULL, 0.00, '[0,0,0,0,0,0,0,0,0]', '2025-08-04 19:31:55', NULL),
(167, 506, 4, 0, NULL, 0.00, '[0,0,0,0,0,0,0,0,0]', '2025-08-04 19:32:01', NULL),
(168, 506, 4, 0, NULL, 0.00, '[0,0,0,0,0,0,0,0,0]', '2025-08-04 19:32:36', NULL),
(169, 506, 4, 0, NULL, 0.00, '[0,0,0,0,0,0,0,0,0]', '2025-08-04 19:34:04', NULL),
(170, 506, 4, 0, NULL, 0.00, '[0,0,0,0,0,0,0,0,0]', '2025-08-04 19:34:11', NULL),
(171, 506, 4, 0, NULL, 0.00, '[0,0,0,0,0,0,0,0,0]', '2025-08-04 19:37:30', NULL),
(172, 506, 4, 1, 'gain', 1.00, '[30,30,30,29,29,31,31,32,32]', '2025-08-04 19:40:04', '2025-08-04 19:40:09'),
(173, 506, 4, 1, 'loss', 0.00, '[29,29,29,30,30,31,31,32,32]', '2025-08-04 19:40:13', '2025-08-04 19:40:17'),
(174, 506, 4, 1, 'loss', 0.00, '[29,29,29,30,30,31,31,32,32]', '2025-08-04 19:40:21', '2025-08-04 19:40:24'),
(175, 506, 4, 1, 'loss', 0.00, '[29,29,30,29,30,31,31,32,32]', '2025-08-04 19:40:25', '2025-08-04 19:40:29'),
(176, 506, 4, 1, 'loss', 0.00, '[29,29,29,30,30,31,31,32,32]', '2025-08-04 19:40:31', '2025-08-04 19:40:34'),
(177, 506, 4, 1, 'loss', 0.00, '[30,30,29,29,29,31,31,32,32]', '2025-08-04 19:40:35', '2025-08-04 19:40:40'),
(178, 506, 4, 1, 'loss', 0.00, '[30,29,29,29,30,31,31,32,32]', '2025-08-04 19:40:42', '2025-08-04 19:40:46'),
(179, 506, 4, 1, 'gain', 1.00, '[29,29,30,30,30,31,31,32,32]', '2025-08-04 19:40:48', '2025-08-04 19:40:52'),
(180, 506, 4, 1, 'loss', 0.00, '[29,29,30,29,30,31,31,32,32]', '2025-08-04 19:40:55', '2025-08-04 19:40:58'),
(181, 506, 4, 1, 'gain', 1.00, '[30,30,29,30,29,31,31,32,32]', '2025-08-04 19:41:00', '2025-08-04 19:41:04'),
(182, 506, 4, 1, 'loss', 0.00, '[30,29,29,29,30,31,31,32,32]', '2025-08-04 19:41:06', '2025-08-04 19:41:10'),
(183, 506, 4, 1, 'loss', 0.00, '[30,29,29,30,29,31,31,32,32]', '2025-08-04 19:41:12', '2025-08-04 19:41:17'),
(184, 506, 4, 1, 'loss', 0.00, '[29,30,29,29,30,31,31,32,32]', '2025-08-04 19:41:18', '2025-08-04 19:41:23'),
(185, 506, 4, 1, 'loss', 0.00, '[30,29,30,29,29,31,31,32,32]', '2025-08-04 19:41:24', '2025-08-04 19:41:28'),
(186, 505, 4, 1, 'loss', 0.00, '[35,41,31,40,43,38,43,41,42]', '2025-08-04 19:42:05', '2025-08-04 19:42:09'),
(187, 505, 4, 1, 'loss', 0.00, '[41,37,32,34,34,33,35,41,33]', '2025-08-04 19:42:11', '2025-08-04 19:42:17'),
(188, 505, 4, 1, 'loss', 0.00, '[43,34,41,44,36,42,41,44,39]', '2025-08-04 19:42:19', '2025-08-04 19:42:24'),
(189, 505, 4, 1, 'loss', 0.00, '[34,35,33,34,39,44,31,39,35]', '2025-08-04 19:42:25', '2025-08-04 19:42:30'),
(190, 505, 4, 1, 'loss', 0.00, '[36,39,32,39,42,43,33,44,33]', '2025-08-04 19:42:31', '2025-08-04 19:42:36'),
(191, 505, 4, 1, 'loss', 0.00, '[45,42,34,46,43,41,35,40,44]', '2025-08-04 19:42:39', '2025-08-04 19:42:43'),
(192, 505, 4, 1, 'loss', 0.00, '[32,32,45,44,33,40,31,42,31]', '2025-08-04 19:42:44', '2025-08-04 19:42:49'),
(193, 505, 4, 1, 'loss', 0.00, '[46,34,36,43,43,37,44,37,46]', '2025-08-04 19:42:50', '2025-08-04 19:42:54'),
(194, 505, 4, 1, 'loss', 0.00, '[33,45,34,38,41,35,43,39,42]', '2025-08-04 19:42:56', '2025-08-04 19:43:00'),
(195, 505, 4, 1, 'loss', 0.00, '[46,43,41,39,39,32,45,43,33]', '2025-08-04 19:43:02', '2025-08-04 19:43:06'),
(196, 505, 4, 1, 'loss', 0.00, '[39,44,38,34,45,38,35,41,40]', '2025-08-04 19:43:07', '2025-08-04 19:43:11'),
(197, 505, 4, 1, 'loss', 0.00, '[35,34,44,30,34,31,41,32,33]', '2025-08-04 19:43:13', '2025-08-04 19:43:17'),
(198, 505, 4, 1, 'gain', 5000.00, '[43,33,46,45,42,42,42,38,45]', '2025-08-04 19:43:19', '2025-08-04 19:43:22'),
(199, 505, 4, 1, 'loss', 0.00, '[40,45,38,38,40,35,43,34,39]', '2025-08-04 19:43:24', '2025-08-04 19:43:27'),
(200, 505, 4, 1, 'loss', 0.00, '[32,30,42,41,32,36,38,31,38]', '2025-08-04 19:48:03', '2025-08-04 19:48:08'),
(201, 505, 4, 1, 'loss', 0.00, '[34,31,43,33,42,30,44,37,32]', '2025-08-04 19:48:10', '2025-08-04 19:48:14'),
(202, 505, 4, 1, 'loss', 0.00, '[35,46,33,44,43,46,40,44,36]', '2025-08-04 19:48:16', '2025-08-04 19:48:20'),
(203, 505, 4, 1, 'loss', 0.00, '[38,41,45,39,31,33,33,32,41]', '2025-08-04 19:48:24', '2025-08-04 19:48:27'),
(204, 505, 4, 1, 'loss', 0.00, '[41,32,38,44,31,39,40,40,39]', '2025-08-04 19:48:29', '2025-08-04 19:48:33'),
(205, 505, 4, 1, 'loss', 0.00, '[44,30,35,43,34,38,46,44,41]', '2025-08-04 19:48:35', '2025-08-04 19:48:39'),
(206, 505, 4, 1, 'loss', 0.00, '[32,36,31,30,31,30,46,43,46]', '2025-08-04 19:56:52', '2025-08-04 19:56:59'),
(207, 505, 4, 1, 'gain', 1.00, '[30,40,38,36,35,43,30,30,41]', '2025-08-04 19:57:08', '2025-08-04 19:57:12'),
(208, 505, 4, 1, 'loss', 0.00, '[40,30,44,33,32,33,37,39,35]', '2025-08-04 19:57:14', '2025-08-04 19:57:19'),
(209, 505, 4, 1, 'loss', 0.00, '[41,32,41,30,33,45,31,45,39]', '2025-08-04 19:57:21', '2025-08-04 19:57:27'),
(210, 505, 4, 1, 'loss', 0.00, '[45,32,45,42,32,39,38,35,42]', '2025-08-04 19:57:28', '2025-08-04 19:57:32'),
(211, 505, 4, 1, 'gain', 50.00, '[35,37,35,38,40,30,35,40,44]', '2025-08-04 19:57:34', '2025-08-04 19:57:38'),
(212, 505, 4, 1, 'loss', 0.00, '[40,35,32,39,32,37,36,37,42]', '2025-08-04 19:57:40', '2025-08-04 19:57:45'),
(213, 505, 4, 1, 'gain', 150.00, '[31,37,37,36,37,44,33,45,42]', '2025-08-04 19:57:47', '2025-08-04 19:57:55'),
(214, 505, 4, 1, 'loss', 0.00, '[38,39,34,36,33,43,41,30,30]', '2025-08-04 19:57:56', '2025-08-04 19:58:03'),
(215, 505, 4, 1, 'loss', 0.00, '[34,45,44,30,31,46,33,39,33]', '2025-08-04 19:58:04', '2025-08-04 19:58:08'),
(216, 505, 4, 1, 'loss', 0.00, '[41,33,45,37,31,43,38,33,34]', '2025-08-04 19:58:11', '2025-08-04 19:58:15'),
(217, 505, 4, 1, 'loss', 0.00, '[46,36,30,30,44,43,35,46,41]', '2025-08-04 19:58:16', '2025-08-04 19:58:21'),
(218, 505, 4, 1, 'gain', 50.00, '[35,36,35,36,41,43,31,39,35]', '2025-08-04 19:58:23', '2025-08-04 19:58:26'),
(219, 505, 4, 1, 'loss', 0.00, '[38,38,30,41,34,35,35,36,37]', '2025-08-04 20:06:27', '2025-08-04 20:06:34'),
(220, 505, 4, 1, 'gain', 3500.00, '[43,40,40,44,39,37,40,45,36]', '2025-08-04 20:06:35', '2025-08-04 20:06:41'),
(221, 505, 4, 1, 'gain', 6000.00, '[31,45,41,43,45,42,37,45,31]', '2025-08-04 20:06:43', '2025-08-04 20:06:48'),
(222, 505, 4, 1, 'loss', 0.00, '[37,42,41,43,35,36,46,39,41]', '2025-08-04 20:06:50', '2025-08-04 20:06:54'),
(223, 505, 4, 1, 'loss', 0.00, '[44,46,45,41,45,34,41,42,32]', '2025-08-04 20:06:57', '2025-08-04 20:07:01'),
(224, 505, 4, 1, 'loss', 0.00, '[44,45,36,41,46,38,42,45,34]', '2025-08-04 20:07:03', '2025-08-04 20:07:07'),
(225, 505, 4, 1, 'gain', 200.00, '[38,38,31,45,42,45,38,41,44]', '2025-08-04 20:07:09', '2025-08-04 20:07:13'),
(226, 505, 4, 1, 'loss', 0.00, '[40,39,31,30,36,30,42,33,43]', '2025-08-04 20:07:16', '2025-08-04 20:07:21'),
(227, 505, 4, 1, 'loss', 0.00, '[45,31,30,44,37,38,43,32,36]', '2025-08-04 20:07:22', '2025-08-04 20:07:26'),
(228, 505, 4, 1, 'loss', 0.00, '[39,32,42,31,43,34,42,38,41]', '2025-08-04 20:07:28', '2025-08-04 20:07:32'),
(229, 505, 4, 1, 'loss', 0.00, '[31,37,39,38,36,35,34,44,41]', '2025-08-04 20:07:35', '2025-08-04 20:07:40'),
(230, 505, 4, 0, NULL, 0.00, '[32,40,43,46,39,40,37,44,31]', '2025-08-04 20:11:38', NULL),
(231, 505, 4, 1, 'loss', 0.00, '[42,32,34,36,33,45,33,31,32]', '2025-08-04 20:27:54', '2025-08-04 20:27:59'),
(232, 505, 4, 1, 'gain', 1000.00, '[46,30,32,43,43,34,43,35,34]', '2025-08-04 20:28:01', '2025-08-04 20:28:06'),
(233, 505, 4, 1, 'loss', 0.00, '[40,33,37,46,42,42,46,40,44]', '2025-08-04 20:28:08', '2025-08-04 20:28:13'),
(234, 505, 4, 1, 'gain', 5000.00, '[33,38,31,45,33,42,42,34,42]', '2025-08-04 20:28:15', '2025-08-04 20:28:19'),
(235, 505, 4, 1, 'gain', 5.00, '[39,30,40,31,32,31,42,31,36]', '2025-08-04 20:28:21', '2025-08-04 20:28:28'),
(236, 505, 4, 1, 'gain', 20.00, '[33,34,44,34,34,45,37,31,30]', '2025-08-04 20:28:30', '2025-08-04 20:28:34'),
(237, 505, 4, 1, 'loss', 0.00, '[38,33,37,35,46,46,43,41,30]', '2025-08-04 20:28:36', '2025-08-04 20:28:40'),
(238, 505, 4, 1, 'loss', 0.00, '[38,33,45,35,39,31,45,35,37]', '2025-08-04 20:28:41', '2025-08-04 20:28:46'),
(239, 505, 4, 1, 'gain', 10000.00, '[46,43,35,36,46,38,46,33,42]', '2025-08-04 20:28:47', '2025-08-04 20:28:51'),
(240, 505, 4, 1, 'gain', 10.00, '[42,32,37,43,44,32,35,32,36]', '2025-08-04 20:28:54', '2025-08-04 20:29:00'),
(241, 506, 4, 1, 'gain', 1.00, '[30,29,30,30,29,31,31,32,32]', '2025-08-04 20:35:06', '2025-08-04 20:35:11'),
(242, 506, 4, 1, 'loss', 0.00, '[30,29,29,30,29,31,31,32,32]', '2025-08-04 20:35:14', '2025-08-04 20:35:19'),
(243, 506, 4, 1, 'gain', 1.00, '[30,29,29,30,30,31,31,32,32]', '2025-08-04 20:35:21', '2025-08-04 20:35:25'),
(244, 506, 4, 1, 'gain', 1.00, '[30,30,30,29,29,31,31,32,32]', '2025-08-04 20:35:29', '2025-08-04 20:35:34'),
(245, 506, 4, 1, 'gain', 1.00, '[29,30,30,30,29,31,31,32,32]', '2025-08-04 20:35:40', '2025-08-04 20:35:44'),
(246, 506, 4, 1, 'loss', 0.00, '[29,29,29,30,30,31,31,32,32]', '2025-08-04 21:00:43', '2025-08-04 21:00:48'),
(247, 506, 4, 1, 'loss', 0.00, '[29,30,29,29,30,31,31,32,32]', '2025-08-04 21:00:50', '2025-08-04 21:00:54'),
(248, 506, 4, 1, 'loss', 0.00, '[29,30,29,29,30,31,31,32,32]', '2025-08-04 21:00:55', '2025-08-04 21:01:00'),
(249, 506, 4, 1, 'loss', 0.00, '[30,29,29,29,30,31,31,32,32]', '2025-08-04 21:01:02', '2025-08-04 21:01:07'),
(250, 506, 4, 1, 'loss', 0.00, '[29,29,29,30,30,31,31,32,32]', '2025-08-04 21:01:09', '2025-08-04 21:01:12'),
(251, 505, 2, 1, 'loss', 0.00, '[83,91,79,82,81,85,88,91,83]', '2025-08-05 04:27:02', '2025-08-05 04:27:07'),
(252, 505, 2, 1, 'loss', 0.00, '[93,87,90,91,81,83,88,87,91]', '2025-08-05 04:27:09', '2025-08-05 04:27:13'),
(253, 505, 2, 1, 'loss', 0.00, '[89,90,90,87,88,85,78,93,88]', '2025-08-05 04:27:15', '2025-08-05 04:27:21'),
(254, 505, 2, 1, 'loss', 0.00, '[87,92,78,80,88,88,90,79,77]', '2025-08-05 04:27:22', '2025-08-05 04:27:27'),
(255, 505, 2, 1, 'loss', 0.00, '[79,79,91,80,93,78,77,88,86]', '2025-08-05 04:27:29', '2025-08-05 04:27:35'),
(256, 505, 2, 1, 'loss', 0.00, '[77,93,85,93,79,92,86,84,92]', '2025-08-05 04:27:36', '2025-08-05 04:27:41'),
(257, 505, 2, 1, 'loss', 0.00, '[85,83,82,80,80,79,84,82,78]', '2025-08-05 04:41:39', '2025-08-05 04:41:43'),
(258, 505, 2, 1, 'loss', 0.00, '[91,77,78,90,87,77,84,92,78]', '2025-08-05 04:41:46', '2025-08-05 04:41:51'),
(259, 505, 2, 1, 'loss', 0.00, '[79,83,88,78,77,78,92,86,90]', '2025-08-05 04:41:53', '2025-08-05 04:41:57'),
(260, 505, 2, 1, 'loss', 0.00, '[88,83,84,80,84,78,93,88,89]', '2025-08-05 04:41:58', '2025-08-05 04:42:02'),
(261, 480, 2, 1, 'loss', 0.00, '[74,74,74,77,77,78,78,79,79]', '2025-08-06 00:16:09', '2025-08-06 00:16:13'),
(262, 480, 2, 1, 'gain', 3000.00, '[87,88,87,87,92,77,91,89,88]', '2025-08-06 00:16:40', '2025-08-06 00:16:45'),
(263, 480, 2, 1, 'loss', 0.00, '[90,93,78,88,93,79,88,80,90]', '2025-08-06 00:16:49', '2025-08-06 00:16:54'),
(264, 480, 2, 1, 'loss', 0.00, '[89,87,87,86,88,88,85,77,81]', '2025-08-06 00:16:55', '2025-08-06 00:17:01'),
(265, 480, 2, 1, 'loss', 0.00, '[81,85,78,79,90,80,86,92,82]', '2025-08-06 00:17:03', '2025-08-06 00:17:07'),
(266, 480, 2, 1, 'loss', 0.00, '[92,89,87,89,78,81,82,86,79]', '2025-08-06 00:17:09', '2025-08-06 00:17:14'),
(267, 480, 2, 1, 'loss', 0.00, '[77,92,77,85,89,85,81,82,82]', '2025-08-06 00:17:16', '2025-08-06 00:17:22'),
(268, 480, 2, 1, 'loss', 0.00, '[85,86,82,79,78,86,93,78,80]', '2025-08-06 00:17:25', '2025-08-06 00:17:28');



-- --------------------------------------------------------

--
-- Table structure for table `raspadinhas`
--

CREATE TABLE `raspadinhas` (
  `id` int(10) UNSIGNED NOT NULL,
  `nome` varchar(120) NOT NULL,
  `descricao` text DEFAULT NULL,
  `banner` varchar(255) NOT NULL,
  `valor` decimal(10,2) NOT NULL,
  `created_at` timestamp NULL DEFAULT current_timestamp()
) ENGINE=InnoDB DEFAULT CHARSET=utf8mb4 COLLATE=utf8mb4_general_ci;

--
-- Dumping data for table `raspadinhas`
--

INSERT INTO `raspadinhas` (`id`, `nome`, `descricao`, `banner`, `valor`, `created_at`) VALUES
(1, 'SONHO PREMIADO - R$ 2,00 - PRÊMIOS DE ATÉ R$5.000,00 ', 'Com só R$2, você raspa e pode levar prêmios exclusivos, gadgets, ou R$5000 na conta.', '/assets/img/banners/687ce7f33afe8.png', 2.00, '2025-07-11 21:55:04'),
(2, 'MEGA RASPADA BLACK 🖤💰 - R$10,00 - PRÊMIOS DE ATÉ R$20.000,00', 'Com R$10 na raspada você ativa a chance de faturar uma bolada até R$20.000. Prêmio bruto, imediato.', '/assets/img/banners/687ce824a04ed.png', 10.00, '2025-07-11 21:55:04'),
(3, '🔥 PIX TURBINADO - R$ 1,00 - PRÊMIOS DE ATÉ R$2.500,00', 'Raspa por apenas R$1 e pode explodir até R$2500 direto no PIX.', '/assets/img/banners/687ce7af59f64.png', 1.00, '2025-07-16 19:19:31'),
(4, 'OSTENTAÇÃO INSTANTÂNEA 💎 - R$5,00 - PRÊMIOS DE ATÉ R$10.000,00', 'R$5 pra raspar e a chance real de garantir eletrônicos top ou até R$10.000 em PIX.', '/assets/img/banners/687cea40caafd.png', 5.00, '2025-07-19 18:07:00');

-- --------------------------------------------------------

--
-- Table structure for table `raspadinha_premios`
--

CREATE TABLE `raspadinha_premios` (
  `id` int(10) UNSIGNED NOT NULL,
  `raspadinha_id` int(10) UNSIGNED NOT NULL,
  `nome` varchar(120) NOT NULL,
  `icone` varchar(255) NOT NULL,
  `valor` decimal(10,2) NOT NULL,
  `probabilidade` decimal(5,2) NOT NULL
) ENGINE=InnoDB DEFAULT CHARSET=utf8mb4 COLLATE=utf8mb4_general_ci;

--
-- Dumping data for table `raspadinha_premios`
--

INSERT INTO `raspadinha_premios` (`id`, `raspadinha_id`, `nome`, `icone`, `valor`, `probabilidade`) VALUES
(29, 4, 'NADA 😬', '/assets/img/icons/687c106fb01ac.png', 0.00, 30.00),
(30, 4, 'R$1,00 NO PIX', '/assets/img/icons/687c09ddc2027.png', 1.00, 18.00),
(31, 4, 'R$5,00 NO PIX', '/assets/img/icons/687c09f749f8b.png', 5.00, 0.00),
(32, 4, 'R$10,00 NO PIX', '/assets/img/icons/687c0a1e0b378.png', 10.00, 0.00),
(33, 4, 'R$15,00 NO PIX', '/assets/img/icons/687c24d23eed0.png', 15.00, 0.00),
(34, 4, 'R$20,00 NO PIX', '/assets/img/icons/687c0b01a04a4.png', 20.00, 0.00),
(35, 4, 'R$50,00 NO PIX', '/assets/img/icons/687c0b433da67.png', 50.00, 0.00),
(36, 4, 'R$100,00 NO PIX', '/assets/img/icons/687c0dbbb87e4.png', 100.00, 0.00),
(37, 4, 'R$150,00 NO PIX', '/assets/img/icons/687c263842548.png', 150.00, 0.00),
(38, 4, 'R$200,00 NO PIX', '/assets/img/icons/687c0c3f09c6d.png', 200.00, 0.00),
(39, 4, 'Cafeteira Expresso Dolce Gusto', '/assets/img/icons/687c0c9a1f22a.png', 500.00, 0.00),
(40, 4, 'Lava e Seca Samsung', '/assets/img/icons/687c0cc6bb984.png', 3500.00, 0.00),
(41, 4, 'Notebook Gamer ', '/assets/img/icons/687cd625b0136.png', 4000.00, 0.00),
(42, 4, 'Smart TV Samsung 70\"', '/assets/img/icons/687c0d36c8044.png', 5000.00, 0.00),
(43, 4, 'R$1.000,00 NO PIX', '/assets/img/icons/687c0f4e1f147.png', 1000.00, 0.00),
(44, 4, 'R$3.000,00 NO PIX', '/assets/img/icons/687c0f6ac9a5e.png', 3000.00, 0.00),
(45, 4, 'iPhone 15 PRO MAX', '/assets/img/icons/687c0fe6b612a.png', 6000.00, 0.00),
(46, 4, 'R$10.000,00 NO PIX', '/assets/img/icons/687c1030df2ef.png', 10000.00, 0.00),
(47, 3, 'NADA 😬', '/assets/img/icons/687c0254729ef.png', 0.00, 25.00),
(48, 3, 'R$1,00 NO PIX', '/assets/img/icons/687be92f11610.png', 1.00, 0.00),
(49, 3, 'R$2,00 NO PIX', '/assets/img/icons/687bea587e903.png', 2.00, 0.00),
(50, 3, 'R$5,00 NO PIX', '/assets/img/icons/687bfdd13689e.png', 5.00, 0.00),
(51, 3, 'R$10,00 NO PIX', '/assets/img/icons/687beabea5f53.png', 10.00, 0.00),
(52, 3, 'R$20,00 NO PIX', '/assets/img/icons/687beaf761686.png', 20.00, 0.00),
(53, 3, 'R$15,00 NO PIX', '/assets/img/icons/687c248f70bc8.png', 15.00, 0.00),
(54, 3, 'R$50,00 NO PIX', '/assets/img/icons/687bfad6bca49.png', 50.00, 0.00),
(55, 3, 'TV 32 polegadas Smart', '/assets/img/icons/687be97e55304.png', 1000.00, 0.00),
(56, 3, 'JBL BOOMBOX 3', '/assets/img/icons/687bfb8a5b1c6.png', 2000.00, 0.00),
(57, 3, 'R$1.500,00 NO PIX', '/assets/img/icons/687be9cb1abad.png', 1500.00, 0.00),
(58, 3, 'R$2.500,00 NO PIX', '/assets/img/icons/687bfc8ee5723.png', 2500.00, 0.00),
(59, 1, 'NADA 😬', '/assets/img/icons/687c0272d42cc.png', 0.00, 30.00),
(60, 1, 'R$1,00 NO PIX', '/assets/img/icons/687c029628796.png', 1.00, 0.00),
(61, 1, 'R$5,00 NO PIX', '/assets/img/icons/687c036f22866.png', 5.00, 0.00),
(62, 1, 'R$10,00 NO PIX', '/assets/img/icons/687c072e05d74.png', 10.00, 0.00),
(63, 1, 'R$15,00 NO PIX', '/assets/img/icons/687c24eeda1dd.png', 15.00, 0.00),
(64, 1, 'R$20,00 NO PIX', '/assets/img/icons/687cfac0cda45.png', 20.00, 0.00),
(65, 1, 'R$50,00 NO PIX', '/assets/img/icons/687c032bd36c5.png', 50.00, 0.00),
(66, 1, 'Air Fryer Britânia', '/assets/img/icons/687c03ea8c3b5.png', 400.00, 0.00),
(67, 1, 'Microondas', '/assets/img/icons/687c041d18e2f.png', 500.00, 0.00),
(68, 1, 'R$500,00 NO PIX', '/assets/img/icons/687c07b350a5b.png', 500.00, 0.00),
(69, 1, 'Bicicleta Caloi', '/assets/img/icons/687c046b401b4.png', 800.00, 0.00),
(70, 1, 'Xbox Series S', '/assets/img/icons/687c04dea9970.png', 2000.00, 0.00),
(71, 1, 'R$1.200,00 NO PIX', '/assets/img/icons/687c050c8fc53.png', 1200.00, 0.00),
(72, 1, 'R$2.000,00 NO PIX', '/assets/img/icons/687c055b21ca9.png', 2000.00, 0.00),
(73, 1, 'Shineray PT2X', '/assets/img/icons/687c0598a13d0.png', 5000.00, 0.00),
(74, 2, 'NADA 😬', '/assets/img/icons/687c10c6b1667.png', 0.00, 30.00),
(77, 2, 'R$5,00 NO PIX', '/assets/img/icons/687c114fee310.png', 5.00, 0.00),
(78, 2, 'R$20,00 NO PIX', '/assets/img/icons/687c11ee2bc98.png', 20.00, 0.00),
(79, 2, 'R$15,00 NO PIX', '/assets/img/icons/687c251dd30ab.png', 15.00, 0.00),
(80, 2, 'R$50,00 NO PIX', '/assets/img/icons/687c124f3477d.png', 50.00, 0.00),
(81, 2, 'R$100,00 NO PIX', '/assets/img/icons/687c127d17125.png', 100.00, 0.00),
(82, 2, 'R$200,00 NO PIX', '/assets/img/icons/687c12c9570a1.png', 200.00, 0.00),
(83, 2, 'R$300,00 NO PIX', '/assets/img/icons/687c2d8e3beef.png', 300.00, 0.00),
(84, 2, 'R$500,00 NO PIX', '/assets/img/icons/687c14d2bfc79.png', 500.00, 0.00),
(85, 2, 'R$700,00 NO PIX', '/assets/img/icons/687c169784b00.png', 700.00, 0.00),
(86, 2, 'R$1.000,00 NO PIX', '/assets/img/icons/687c16bf8d4f9.png', 1000.00, 0.00),
(87, 2, 'R$3.000,00 NO PIX', '/assets/img/icons/687c1499d7b9f.png', 3000.00, 0.00),
(88, 2, 'R$5.000,00 NO PIX', '/assets/img/icons/687c17441f4e7.png', 10.00, 0.00),
(89, 2, 'Geladeira Smart LG', '/assets/img/icons/687c17c36902a.png', 9000.00, 0.00),
(90, 2, 'iPhone 16 Pro Max ', '/assets/img/icons/687c17f0a903b.png', 7500.00, 0.00),
(91, 2, 'Moto Honda Pop 110i zero km', '/assets/img/icons/687c1814b5ef1.png', 12500.00, 0.00),
(92, 2, 'MacBook Pro Apple 14\" M4', '/assets/img/icons/687c184b06fd6.png', 14000.00, 0.00),
(93, 2, 'Honda PCX 2025 ', '/assets/img/icons/687c18722f07a.png', 20000.00, 0.00);


--
-- Table structure for table `saques`
--

CREATE TABLE `saques` (
  `id` bigint(20) UNSIGNED NOT NULL,
  `transactionId` varchar(255) NOT NULL,
  `user_id` int(11) NOT NULL,
  `nome` varchar(255) NOT NULL,
  `cpf` varchar(14) NOT NULL,
  `valor` decimal(10,2) NOT NULL,
  `transaction_id` varchar(255) DEFAULT NULL,
  `transaction_id_digitopay` varchar(255) DEFAULT NULL,
  `idempotency_key` varchar(255) DEFAULT NULL,
  `digitopay_idempotency_key` varchar(255) DEFAULT NULL,
  `gateway` varchar(50) DEFAULT 'sigilopay',
  `webhook_data` text DEFAULT NULL,
  `status` enum('PENDING','PAID','CANCELLED','FAILED','PROCESSING','EM PROCESSAMENTO','ANALISE','REALIZADO') DEFAULT 'PENDING',
  `created_at` timestamp NULL DEFAULT current_timestamp(),
  `updated_at` timestamp NULL DEFAULT current_timestamp() ON UPDATE current_timestamp()
) ENGINE=InnoDB DEFAULT CHARSET=utf8mb4 COLLATE=utf8mb4_general_ci;

--
-- Dumping data for table `saques`
--

INSERT INTO `saques` (`id`, `transactionId`, `user_id`, `nome`, `cpf`, `valor`, `transaction_id`, `transaction_id_digitopay`, `idempotency_key`, `digitopay_idempotency_key`, `gateway`, `webhook_data`, `status`, `created_at`, `updated_at`) VALUES
(128, 'WTH_688d005c69327', 489, 'Igor Emmanuel Lima de Jesus', '85460877504', 200.00, NULL, NULL, NULL, NULL, 'sigilopay', NULL, 'PENDING', '2025-08-01 17:58:52', '2025-08-01 17:58:52'),
(129, 'WTH_688d0e9e7e7aa', 496, 'Igor Emmanuel Lima de Jesus', '85460877504', 2.00, NULL, NULL, NULL, NULL, 'sigilopay', NULL, 'PENDING', '2025-08-01 18:59:42', '2025-08-01 18:59:42'),
(130, 'WTH_688d10f04d412', 497, 'Nome não encontrado', '85460877504', 2.00, NULL, NULL, NULL, NULL, 'sigilopay', NULL, 'PENDING', '2025-08-01 19:09:36', '2025-08-01 19:09:36');

-- --------------------------------------------------------

--
-- Table structure for table `transacoes`
--

CREATE TABLE `transacoes` (
  `id` int(11) NOT NULL,
  `user_id` int(11) NOT NULL,
  `tipo` enum('DEPOSIT','WITHDRAW','REFUND') NOT NULL,
  `valor` decimal(10,2) NOT NULL,
  `saldo_anterior` decimal(10,2) NOT NULL,
  `saldo_posterior` decimal(10,2) NOT NULL,
  `status` varchar(50) NOT NULL,
  `referencia` varchar(255) DEFAULT NULL,
  `gateway` varchar(50) DEFAULT NULL,
  `descricao` text DEFAULT NULL,
  `created_at` timestamp NOT NULL DEFAULT current_timestamp(),
  `saque_permitido` tinyint(1) DEFAULT 1
) ENGINE=InnoDB DEFAULT CHARSET=utf8mb4 COLLATE=utf8mb4_general_ci;

-- --------------------------------------------------------

--
-- Table structure for table `transacoes_afiliados`
--

CREATE TABLE `transacoes_afiliados` (
  `id` int(11) NOT NULL,
  `afiliado_id` int(11) NOT NULL,
  `usuario_id` int(11) NOT NULL,
  `deposito_id` int(11) NOT NULL,
  `valor` decimal(10,2) NOT NULL,
  `created_at` datetime NOT NULL
) ENGINE=InnoDB DEFAULT CHARSET=utf8mb4 COLLATE=utf8mb4_general_ci;

-- --------------------------------------------------------

--
-- Table structure for table `usuarios`
--

CREATE TABLE `usuarios` (
  `id` int(11) NOT NULL,
  `nome` varchar(100) NOT NULL,
  `telefone` varchar(20) NOT NULL,
  `email` varchar(100) NOT NULL,
  `senha` varchar(255) NOT NULL,
  `saldo` decimal(10,2) DEFAULT 0.00,
  `indicacao` varchar(100) DEFAULT NULL,
  `indicacao_gerente` int(11) DEFAULT NULL,
  `indicacao_subgerente` int(11) DEFAULT NULL,
  `indicacao_afiliado` int(11) DEFAULT NULL,
  `indicador_gerente` int(11) DEFAULT NULL,
  `id_agencia` int(11) DEFAULT NULL,
  `comissao_cpa` float DEFAULT 0,
  `comissao_revshare` float DEFAULT 0,
  `banido` tinyint(1) DEFAULT 0,
  `admin` int(11) DEFAULT 0,
  `created_at` datetime DEFAULT current_timestamp(),
  `updated_at` datetime DEFAULT current_timestamp() ON UPDATE current_timestamp(),
  `influencer` tinyint(1) NOT NULL DEFAULT 0,
  `gerente` tinyint(1) DEFAULT 0,
  `subgerente` tinyint(1) DEFAULT 0,
  `porcentagem_gerente` decimal(5,2) DEFAULT 0.00,
  `porcentagem_subgerente` decimal(5,2) DEFAULT 0.00,
  `revshare_fake` tinyint(1) DEFAULT 0,
  `revshare_primeiro_deposito` decimal(5,2) DEFAULT 50.00,
  `revshare_depositos_seguintes` decimal(5,2) DEFAULT 30.00,
  `nivel_afiliado` enum('agencia','gerente','subgerente','afiliado','usuario') DEFAULT 'usuario',
  `link_indicacao` varchar(255) DEFAULT NULL,
  `nivel_hierarquia` varchar(255) DEFAULT NULL
) ENGINE=InnoDB DEFAULT CHARSET=utf8mb4 COLLATE=utf8mb4_general_ci;

--
-- Dumping data for table `usuarios`
--

INSERT INTO `usuarios` (`id`, `nome`, `telefone`, `email`, `senha`, `saldo`, `indicacao`, `indicacao_gerente`, `indicacao_subgerente`, `indicacao_afiliado`, `indicador_gerente`, `id_agencia`, `comissao_cpa`, `comissao_revshare`, `banido`, `admin`, `created_at`, `updated_at`, `influencer`, `gerente`, `subgerente`, `porcentagem_gerente`, `porcentagem_subgerente`, `revshare_fake`, `revshare_primeiro_deposito`, `revshare_depositos_seguintes`, `nivel_afiliado`, `link_indicacao`, `nivel_hierarquia`) VALUES
(480, 'Admin', '187', 'admin@demo.com', '$2y$10$qHciQqUKw7yWn9U8BEuPXuHr1pu4DhnZgQF3xugJM1zp5JzrHMRte', 9845.00, '', NULL, NULL, NULL, NULL, NULL, 0, 0, 0, 1, '2025-07-28 21:04:33', '2025-08-06 02:17:25', 1, 0, 0, 0.00, 0.00, 0, 50.00, 30.00, 'subgerente', NULL, NULL);

--
-- Indexes for dumped tables
--

--
-- Indexes for table `banners`
--
ALTER TABLE `banners`
  ADD PRIMARY KEY (`id`),
  ADD KEY `idx_banners_ativo_ordem` (`ativo`,`ordem`);

--
-- Indexes for table `comissoes_hierarquia`
--
ALTER TABLE `comissoes_hierarquia`
  ADD PRIMARY KEY (`id`),
  ADD KEY `afiliado_id` (`afiliado_id`),
  ADD KEY `gerente_id` (`gerente_id`),
  ADD KEY `subgerente_id` (`subgerente_id`),
  ADD KEY `usuario_id` (`usuario_id`);

--
-- Indexes for table `config`
--
ALTER TABLE `config`
  ADD UNIQUE KEY `id` (`id`);

--
-- Indexes for table `config_rollover`
--
ALTER TABLE `config_rollover`
  ADD PRIMARY KEY (`id`);

--
-- Indexes for table `depositos`
--
ALTER TABLE `depositos`
  ADD PRIMARY KEY (`id`),
  ADD UNIQUE KEY `idempotency_key` (`idempotency_key`),
  ADD KEY `user_id` (`user_id`),
  ADD KEY `status` (`status`),
  ADD KEY `idx_user_status` (`user_id`,`status`);

--
-- Indexes for table `sigilopay`
--
ALTER TABLE `sigilopay`
  ADD PRIMARY KEY (`id`);



--
-- Indexes for table `historico_revshare`
--
ALTER TABLE `historico_revshare`
  ADD PRIMARY KEY (`id`);

--
-- Indexes for table `orders`
--
ALTER TABLE `orders`
  ADD PRIMARY KEY (`id`),
  ADD KEY `user_id` (`user_id`),
  ADD KEY `raspadinha_id` (`raspadinha_id`);

--
-- Indexes for table `raspadinhas`
--
ALTER TABLE `raspadinhas`
  ADD PRIMARY KEY (`id`);

--
-- Indexes for table `raspadinha_premios`
--
ALTER TABLE `raspadinha_premios`
  ADD PRIMARY KEY (`id`),
  ADD KEY `raspadinha_id` (`raspadinha_id`);

--
-- Indexes for table `saques`
--
ALTER TABLE `saques`
  ADD UNIQUE KEY `id` (`id`),
  ADD KEY `idx_saques_transaction_id` (`transaction_id`),
  ADD KEY `idx_saques_idempotency_key` (`idempotency_key`),
  ADD KEY `idx_saques_gateway` (`gateway`);

--
-- Indexes for table `transacoes`
--
ALTER TABLE `transacoes`
  ADD PRIMARY KEY (`id`);

--
-- Indexes for table `transacoes_afiliados`
--
ALTER TABLE `transacoes_afiliados`
  ADD PRIMARY KEY (`id`),
  ADD KEY `afiliado_id` (`afiliado_id`),
  ADD KEY `usuario_id` (`usuario_id`),
  ADD KEY `deposito_id` (`deposito_id`);

--
-- Indexes for table `usuarios`
--
ALTER TABLE `usuarios`
  ADD PRIMARY KEY (`id`),
  ADD UNIQUE KEY `email` (`email`),
  ADD KEY `id_agencia` (`id_agencia`);

--
-- AUTO_INCREMENT for dumped tables
--

--
-- AUTO_INCREMENT for table `banners`
--
ALTER TABLE `banners`
  MODIFY `id` bigint(20) UNSIGNED NOT NULL AUTO_INCREMENT, AUTO_INCREMENT=8;

--
-- AUTO_INCREMENT for table `comissoes_hierarquia`
--
ALTER TABLE `comissoes_hierarquia`
  MODIFY `id` int(11) NOT NULL AUTO_INCREMENT;

--
-- AUTO_INCREMENT for table `config`
--
ALTER TABLE `config`
  MODIFY `id` bigint(20) UNSIGNED NOT NULL AUTO_INCREMENT, AUTO_INCREMENT=2;

--
-- AUTO_INCREMENT for table `config_rollover`
--
ALTER TABLE `config_rollover`
  MODIFY `id` int(11) NOT NULL AUTO_INCREMENT, AUTO_INCREMENT=2;

--
-- AUTO_INCREMENT for table `depositos`
--
ALTER TABLE `depositos`
  MODIFY `id` int(11) NOT NULL AUTO_INCREMENT, AUTO_INCREMENT=52;

--
-- AUTO_INCREMENT for table `sigilopay`
--
ALTER TABLE `sigilopay`
  MODIFY `id` int(11) NOT NULL AUTO_INCREMENT, AUTO_INCREMENT=2;

--
-- AUTO_INCREMENT for table `historico_revshare`
--
ALTER TABLE `historico_revshare`
  MODIFY `id` bigint(20) UNSIGNED NOT NULL AUTO_INCREMENT;

--
-- AUTO_INCREMENT for table `orders`
--
ALTER TABLE `orders`
  MODIFY `id` bigint(20) UNSIGNED NOT NULL AUTO_INCREMENT, AUTO_INCREMENT=269;

--
-- AUTO_INCREMENT for table `raspadinhas`
--
ALTER TABLE `raspadinhas`
  MODIFY `id` int(10) UNSIGNED NOT NULL AUTO_INCREMENT, AUTO_INCREMENT=5;

--
-- AUTO_INCREMENT for table `raspadinha_premios`
--
ALTER TABLE `raspadinha_premios`
  MODIFY `id` int(10) UNSIGNED NOT NULL AUTO_INCREMENT, AUTO_INCREMENT=94;

--
-- AUTO_INCREMENT for table `saques`
--
ALTER TABLE `saques`
  MODIFY `id` bigint(20) UNSIGNED NOT NULL AUTO_INCREMENT, AUTO_INCREMENT=131;

--
-- AUTO_INCREMENT for table `transacoes`
--
ALTER TABLE `transacoes`
  MODIFY `id` int(11) NOT NULL AUTO_INCREMENT;

--
-- AUTO_INCREMENT for table `transacoes_afiliados`
--
ALTER TABLE `transacoes_afiliados`
  MODIFY `id` int(11) NOT NULL AUTO_INCREMENT;

--
-- AUTO_INCREMENT for table `usuarios`
--
ALTER TABLE `usuarios`
  MODIFY `id` int(11) NOT NULL AUTO_INCREMENT, AUTO_INCREMENT=509;

--
-- Constraints for dumped tables
--

--
-- Constraints for table `comissoes_hierarquia`
--
ALTER TABLE `comissoes_hierarquia`
  ADD CONSTRAINT `comissoes_hierarquia_ibfk_1` FOREIGN KEY (`afiliado_id`) REFERENCES `usuarios` (`id`),
  ADD CONSTRAINT `comissoes_hierarquia_ibfk_2` FOREIGN KEY (`gerente_id`) REFERENCES `usuarios` (`id`),
  ADD CONSTRAINT `comissoes_hierarquia_ibfk_3` FOREIGN KEY (`subgerente_id`) REFERENCES `usuarios` (`id`),
  ADD CONSTRAINT `comissoes_hierarquia_ibfk_4` FOREIGN KEY (`usuario_id`) REFERENCES `usuarios` (`id`);

--
-- Constraints for table `raspadinha_premios`
--
ALTER TABLE `raspadinha_premios`
  ADD CONSTRAINT `raspadinha_premios_ibfk_1` FOREIGN KEY (`raspadinha_id`) REFERENCES `raspadinhas` (`id`) ON DELETE CASCADE;

--
-- Constraints for table `transacoes_afiliados`
--
ALTER TABLE `transacoes_afiliados`
  ADD CONSTRAINT `transacoes_afiliados_ibfk_1` FOREIGN KEY (`afiliado_id`) REFERENCES `usuarios` (`id`),
  ADD CONSTRAINT `transacoes_afiliados_ibfk_2` FOREIGN KEY (`usuario_id`) REFERENCES `usuarios` (`id`),
  ADD CONSTRAINT `transacoes_afiliados_ibfk_3` FOREIGN KEY (`deposito_id`) REFERENCES `depositos` (`id`);

--
-- Constraints for table `usuarios`
--
ALTER TABLE `usuarios`
  ADD CONSTRAINT `usuarios_ibfk_1` FOREIGN KEY (`id_agencia`) REFERENCES `usuarios` (`id`);
COMMIT;

/*!40101 SET CHARACTER_SET_CLIENT=@OLD_CHARACTER_SET_CLIENT */;
/*!40101 SET CHARACTER_SET_RESULTS=@OLD_CHARACTER_SET_RESULTS */;
/*!40101 SET COLLATION_CONNECTION=@OLD_COLLATION_CONNECTION */;
